aberporth,1957,79.89166666666667
aberporth,1958,89.92500000000001
aberporth,1959,83.81666666666665
aberporth,1960,107.675
aberporth,1961,80.95
aberporth,1962,67.59166666666667
aberporth,1963,66.35000000000001
aberporth,1964,56.741666666666674
aberporth,1965,75.14166666666667
aberporth,1966,80.55
aberporth,1967,80.46666666666667
aberporth,1968,67.44999999999999
aberporth,1969,66.69166666666666
aberporth,1970,73.1
aberporth,1971,73.37499999999999
aberporth,1972,75.91666666666667
aberporth,1973,62.98333333333334
aberporth,1974,83.04166666666667
aberporth,1975,54.6
aberporth,1976,60.75
aberporth,1977,74.38333333333334
aberporth,1978,61.21666666666667
aberporth,1979,81.30000000000001
aberporth,1980,68.94166666666666
aberporth,1981,78.54166666666667
aberporth,1982,76.46666666666667
aberporth,1983,68.47500000000001
aberporth,1984,71.05833333333334
aberporth,1985,72.58333333333333
aberporth,1986,73.74166666666666
aberporth,1987,70.97500000000001
aberporth,1988,74.84166666666665
aberporth,1989,65.35833333333333
aberporth,1990,62.64166666666668
aberporth,1991,64.12500000000001
aberporth,1992,76.125
aberporth,1993,82.26666666666667
aberporth,1994,87.58333333333333
aberporth,1995,69.06666666666666
aberporth,1996,57.74166666666667
aberporth,1997,74.3
aberporth,1998,80.86666666666667
aberporth,1999,79.54166666666667
aberporth,2000,92.55
aberporth,2001,79.25714285714285
aberporth,2002,91.12727272727271
aberporth,2003,59.01666666666667
aberporth,2004,77.93636363636364
aberporth,2005,68.56666666666666
aberporth,2006,71.63333333333333
aberporth,2007,74.36666666666666
aberporth,2008,85.44166666666666
aberporth,2009,84.16666666666664
aberporth,2010,59.48333333333333
aberporth,2011,61.38333333333333
aberporth,2012,96.06666666666666
aberporth,2013,72.79166666666667
aberporth,2014,87.16666666666667
aberporth,2015,84.85
aberporth,2016,70.16666666666667
aberporth,2017,84.03333333333335
aberporth,2018,83.68333333333334
aberporth,2019,85.93333333333334
aberporth,2020,74.5
armagh,1929,74.775
armagh,1930,75.24999999999999
armagh,1931,81.7
armagh,1932,68.11666666666666
armagh,1933,46.49999999999999
armagh,1934,73.94166666666666
armagh,1935,65.85833333333333
armagh,1936,74.80833333333332
armagh,1937,64.725
armagh,1938,76.38333333333333
armagh,1939,68.875
armagh,1940,72.95
armagh,1941,62.61666666666665
armagh,1942,72.25833333333333
armagh,1943,64.675
armagh,1944,74.87500000000001
armagh,1945,61.76363636363636
armagh,1947,76.03
armagh,1948,80.94166666666666
armagh,1949,68.08333333333333
armagh,1950,80.15833333333333
armagh,1951,71.95833333333334
armagh,1952,45.19090909090909
armagh,1953,34.26666666666666
armagh,1954,44.949999999999996
armagh,1955,58.84166666666666
armagh,1956,70.23333333333333
armagh,1957,75.99166666666667
armagh,1958,86.74166666666667
armagh,1959,62.300000000000004
armagh,1960,83.53333333333333
armagh,1961,73.025
armagh,1962,67.25
armagh,1963,76.20833333333333
armagh,1964,65.28333333333335
armagh,1965,74.725
armagh,1966,86.09166666666668
armagh,1967,75.375
armagh,1968,64.73333333333333
armagh,1969,65.04166666666667
armagh,1970,73.59166666666667
armagh,1971,57.83333333333332
armagh,1972,62.67499999999999
armagh,1973,60.53333333333333
armagh,1974,70.30833333333334
armagh,1975,48.82500000000001
armagh,1976,62.366666666666674
armagh,1977,65.71666666666667
armagh,1978,64.47500000000001
armagh,1979,72.10833333333333
armagh,1980,70.69166666666666
armagh,1981,76.92500000000001
armagh,1982,71.84166666666665
armagh,1983,58.758333333333326
armagh,1984,69.80833333333332
armagh,1985,63.70000000000001
armagh,1986,71.88333333333334
armagh,1987,61.01666666666666
armagh,1988,73.35
armagh,1989,55.45833333333334
armagh,1990,73.64166666666667
armagh,1991,56.64166666666668
armagh,1992,69.72500000000001
armagh,1993,73.76666666666668
armagh,1994,68.16666666666667
armagh,1995,64.925
armagh,1996,62.66666666666668
armagh,1997,63.541666666666664
armagh,1998,70.85833333333333
armagh,1999,73.04166666666667
armagh,2000,73.28333333333333
armagh,2001,53.900000000000006
armagh,2002,89.19999999999999
armagh,2003,56.96666666666667
armagh,2004,66.61666666666666
armagh,2005,61.591666666666676
armagh,2006,68.99166666666666
armagh,2007,68.53333333333332
armagh,2008,71.43333333333335
armagh,2009,74.29166666666667
armagh,2010,66.21666666666667
armagh,2011,72.65833333333333
armagh,2012,72.89999999999999
armagh,2013,71.11666666666667
armagh,2014,85.025
armagh,2015,79.59166666666665
armagh,2016,61.383333333333326
armagh,2017,60.65833333333333
armagh,2018,64.80000000000001
ballypatrick,1965,
ballypatrick,1966,
ballypatrick,1967,
ballypatrick,1968,
ballypatrick,1969,
ballypatrick,1970,
ballypatrick,1971,
ballypatrick,1972,
ballypatrick,1973,
ballypatrick,1974,
ballypatrick,1975,
ballypatrick,1976,
ballypatrick,1977,
ballypatrick,1978,
ballypatrick,1979,
ballypatrick,1980,
ballypatrick,1981,
ballypatrick,1982,
ballypatrick,1983,
ballypatrick,1984,
ballypatrick,1985,
ballypatrick,1986,
bradford,1908,
bradford,1909,
bradford,1910,
bradford,1911,59.400000000000006
bradford,1912,91.66666666666667
bradford,1913,64.13333333333334
bradford,1914,77.21666666666665
bradford,1915,77.78333333333332
bradford,1916,80.70833333333333
bradford,1917,62.55833333333333
bradford,1918,80.20833333333333
bradford,1919,75.85000000000001
bradford,1920,83.43333333333332
bradford,1921,56.4
bradford,1922,75.03333333333333
bradford,1923,80.47500000000001
bradford,1924,70.34166666666665
bradford,1925,78.01666666666665
bradford,1926,69.075
bradford,1927,81.81666666666666
bradford,1928,91.68333333333332
bradford,1929,145.56666666666666
bradford,1930,91.02499999999999
bradford,1931,77.96666666666667
bradford,1932,62.66666666666666
bradford,1933,52.67499999999999
bradford,1934,58.57500000000001
bradford,1935,84.7
bradford,1936,73.075
bradford,1937,64.33333333333333
bradford,1938,80.16666666666667
bradford,1939,72.45833333333333
bradford,1940,60.78333333333333
bradford,1941,66.23333333333333
bradford,1942,60.60833333333334
bradford,1943,58.76666666666666
bradford,1944,82.84166666666665
bradford,1945,67.59166666666665
bradford,1946,78.25
bradford,1947,73.86666666666666
bradford,1948,63.6
bradford,1949,65.90833333333335
bradford,1950,72.55833333333332
bradford,1951,88.125
bradford,1952,60.574999999999996
bradford,1953,57.65833333333333
bradford,1954,87.3
bradford,1955,51.800000000000004
bradford,1956,74.225
bradford,1957,68.58333333333333
bradford,1958,82.76666666666667
bradford,1959,61.958333333333336
bradford,1960,87.36666666666667
bradford,1961,77.02499999999999
bradford,1962,61.73333333333334
bradford,1963,66.88333333333333
bradford,1964,58.116666666666674
bradford,1965,78.9
bradford,1966,92.66666666666667
bradford,1967,81.30833333333334
bradford,1968,87.34999999999998
bradford,1969,77.52499999999999
bradford,1970,71.30833333333334
bradford,1971,57.85833333333334
bradford,1972,70.76666666666665
bradford,1973,61.258333333333326
bradford,1974,72.73333333333333
bradford,1975,53.80833333333333
bradford,1976,60.963636363636354
bradford,1977,73.89999999999999
bradford,1978,71.21
bradford,1979,81.56666666666668
bradford,1980,83.04166666666667
bradford,1981,89.3625
bradford,1982,72.56666666666666
bradford,1983,87.48181818181818
bradford,1984,69.64000000000001
bradford,1985,62.166666666666664
bradford,1986,82.44999999999999
bradford,1987,66.80000000000001
bradford,1988,79.60000000000001
bradford,1989,58.94166666666666
bradford,1990,72.20833333333334
bradford,1991,67.7
bradford,1992,69.24166666666667
bradford,1993,77.97272727272728
bradford,1994,80.55000000000001
bradford,1995,44.99999999999999
bradford,1996,69.3875
bradford,1997,67.58181818181819
bradford,1998,97.4111111111111
bradford,1999,64.075
bradford,2000,102.91666666666667
bradford,2001,71.5
bradford,2002,98.3
bradford,2003,53.61999999999999
bradford,2004,57.8625
bradford,2005,59.94
bradford,2006,66.95
bradford,2007,83.51666666666664
bradford,2008,92.23333333333335
bradford,2009,71.73636363636363
bradford,2010,65.87142857142858
bradford,2011,55.24999999999999
bradford,2012,102.75833333333333
bradford,2013,52.685714285714276
braemar,1959,
braemar,1960,
braemar,1961,70.85833333333333
braemar,1962,73.56
braemar,1963,83.85000000000001
braemar,1964,58.324999999999996
braemar,1965,57.74545454545454
braemar,1966,81.41818181818182
braemar,1967,79.59166666666667
braemar,1968,67.0
braemar,1969,64.69166666666666
braemar,1970,76.91666666666666
braemar,1971,55.75
braemar,1972,67.49999999999999
braemar,1973,56.525
braemar,1974,67.07272727272726
braemar,1975,65.62727272727274
braemar,1976,72.29166666666666
braemar,1977,72.57272727272726
braemar,1978,77.7
braemar,1979,76.33333333333333
braemar,1980,73.58000000000001
braemar,1981,69.29090909090908
braemar,1982,109.25833333333334
braemar,1983,78.94166666666666
braemar,1984,87.71666666666665
braemar,1985,82.35833333333333
braemar,1986,82.5909090909091
braemar,1987,59.57272727272728
braemar,1988,79.29166666666667
braemar,1989,64.86666666666666
braemar,1990,83.23333333333335
braemar,1991,73.25
braemar,1992,72.41666666666666
braemar,1993,73.37272727272727
braemar,1994,74.61818181818181
braemar,1995,88.53
braemar,1996,57.657142857142844
braemar,1997,102.0
braemar,1998,74.97142857142856
braemar,1999,80.06666666666666
braemar,2000,97.08333333333333
braemar,2001,69.31666666666668
braemar,2002,93.03333333333332
braemar,2003,51.13333333333333
braemar,2004,78.14999999999999
braemar,2005,84.15
camborne,1979,92.16
camborne,1980,89.53333333333335
camborne,1981,88.33636363636364
camborne,1982,100.38333333333334
camborne,1983,79.40833333333333
camborne,1984,87.21666666666668
camborne,1985,89.33333333333333
camborne,1986,100.35000000000001
camborne,1987,83.89166666666667
camborne,1988,99.44166666666668
camborne,1989,79.60833333333333
camborne,1990,88.47500000000001
camborne,1991,86.28333333333335
camborne,1992,81.8
camborne,1993,114.73333333333335
camborne,1994,96.23333333333333
camborne,1995,75.575
camborne,1996,82.31666666666666
camborne,1997,88.95
camborne,1998,107.44166666666666
camborne,1999,88.30833333333334
camborne,2000,100.43333333333334
camborne,2001,70.68333333333332
camborne,2002,103.18333333333334
camborne,2003,75.87500000000001
camborne,2004,87.17500000000001
camborne,2005,71.89166666666667
camborne,2006,77.6
camborne,2007,83.98333333333333
camborne,2008,80.88333333333334
camborne,2009,99.32499999999999
camborne,2010,75.55833333333335
camborne,2011,71.90000000000002
camborne,2012,110.64999999999999
camborne,2013,89.21666666666665
camborne,2014,96.81666666666666
camborne,2015,90.40000000000002
camborne,2016,95.60833333333335
camborne,2017,83.75
camborne,2018,99.74999999999999
camborne,2019,104.86666666666667
camborne,2020,89.03333333333335
cambridge,1959,
cambridge,1960,
cambridge,1961,44.85
cambridge,1962,39.31666666666667
cambridge,1963,45.90833333333334
cambridge,1964,38.341666666666676
cambridge,1965,49.64166666666668
cambridge,1966,50.625
cambridge,1967,48.95454545454545
cambridge,1968,48.80833333333333
cambridge,1969,44.375
cambridge,1970,44.409090909090914
cambridge,1971,45.18333333333334
cambridge,1972,33.61666666666667
cambridge,1973,31.981818181818184
cambridge,1974,45.6
cambridge,1975,42.6
cambridge,1976,41.525
cambridge,1977,44.550000000000004
cambridge,1978,46.33333333333332
cambridge,1979,52.35833333333333
cambridge,1980,40.96666666666666
cambridge,1981,47.54166666666668
cambridge,1982,57.208333333333336
cambridge,1983,44.5
cambridge,1984,52.85833333333333
cambridge,1985,35.087500000000006
cambridge,1986,47.040000000000006
cambridge,1987,54.519999999999996
cambridge,1988,54.0375
cambridge,1989,43.175000000000004
cambridge,1990,34.97272727272727
cambridge,1991,36.709090909090904
cambridge,1992,55.06666666666667
cambridge,1993,56.258333333333326
cambridge,1994,46.00909090909091
cambridge,1995,34.57
cambridge,1996,31.45833333333333
cambridge,1997,42.24166666666667
cambridge,1998,55.39166666666666
cambridge,1999,52.041666666666664
cambridge,2000,58.275
cambridge,2001,56.19166666666666
cambridge,2002,49.372727272727275
cambridge,2003,39.275
cambridge,2004,45.166666666666664
cambridge,2005,48.51666666666667
cambridge,2006,43.43333333333334
cambridge,2007,49.74444444444444
cambridge,2008,50.883333333333326
cambridge,2009,32.4
cardiff,1977,90.125
cardiff,1978,84.35833333333333
cardiff,1979,91.74166666666666
cardiff,1980,99.64166666666667
cardiff,1981,94.03636363636365
cardiff,1982,97.21666666666668
cardiff,1983,88.61666666666667
cardiff,1984,91.80833333333334
cardiff,1985,95.14444444444445
cardiff,1986,128.775
cardiff,1987,85.04166666666667
cardiff,1988,101.7909090909091
cardiff,1989,88.25833333333333
cardiff,1990,87.54999999999998
cardiff,1991,83.23333333333333
cardiff,1992,88.05000000000001
cardiff,1993,95.06666666666666
cardiff,1994,113.875
cardiff,1995,88.73333333333335
cardiff,1996,73.03333333333333
cwmystwyth,1959,
cwmystwyth,1960,
cwmystwyth,1961,127.22857142857141
cwmystwyth,1963,127.0
cwmystwyth,1964,128.65833333333333
cwmystwyth,1965,143.47
cwmystwyth,1966,146.91666666666666
cwmystwyth,1967,214.37142857142857
cwmystwyth,1968,115.12222222222223
cwmystwyth,1969,140.74
cwmystwyth,1970,162.34285714285713
cwmystwyth,1971,124.15000000000002
cwmystwyth,1972,139.72727272727275
cwmystwyth,1973,159.95
cwmystwyth,1974,164.6909090909091
cwmystwyth,1975,124.07499999999999
cwmystwyth,1976,105.74999999999999
cwmystwyth,1977,164.32499999999996
cwmystwyth,1978,140.40833333333333
cwmystwyth,1979,170.45000000000002
cwmystwyth,1980,149.62499999999997
cwmystwyth,1981,169.30833333333334
cwmystwyth,1982,135.8
cwmystwyth,1983,164.625
cwmystwyth,1984,135.84166666666667
cwmystwyth,1985,127.2909090909091
cwmystwyth,1986,163.66666666666666
cwmystwyth,1987,147.775
cwmystwyth,1988,161.26666666666668
cwmystwyth,1989,140.75
cwmystwyth,1990,162.53333333333333
cwmystwyth,1991,140.68333333333334
cwmystwyth,1992,164.6
cwmystwyth,1993,133.85454545454547
cwmystwyth,1994,174.05000000000004
cwmystwyth,1995,126.27500000000002
cwmystwyth,1996,116.28999999999999
cwmystwyth,1997,154.19
cwmystwyth,1998,190.375
cwmystwyth,1999,180.6666666666667
cwmystwyth,2000,213.31666666666663
cwmystwyth,2001,156.95833333333331
cwmystwyth,2002,160.6818181818182
cwmystwyth,2003,115.75454545454546
cwmystwyth,2004,181.03636363636363
cwmystwyth,2005,149.59
cwmystwyth,2006,180.175
cwmystwyth,2007,149.56666666666663
cwmystwyth,2008,189.42727272727276
cwmystwyth,2009,151.69
cwmystwyth,2010,105.25714285714285
cwmystwyth,2011,130.9
dunstaffnage,1981,186.15
dunstaffnage,1982,153.84166666666664
dunstaffnage,1983,133.35833333333332
dunstaffnage,1984,100.56666666666666
dunstaffnage,1986,162.65
dunstaffnage,1987,128.925
dunstaffnage,1988,152.95
dunstaffnage,1989,170.64545454545456
dunstaffnage,1990,199.16363636363633
dunstaffnage,1991,138.15
dunstaffnage,1992,175.54999999999998
dunstaffnage,1993,131.62727272727275
dunstaffnage,1994,156.48333333333332
dunstaffnage,1995,136.6
dunstaffnage,1996,124.43999999999998
dunstaffnage,1997,116.74999999999997
dunstaffnage,1998,172.66666666666666
dunstaffnage,1999,177.4818181818182
dunstaffnage,2000,145.38333333333335
dunstaffnage,2001,116.76666666666667
durham,1890,54.88333333333335
durham,1891,51.974999999999994
durham,1892,59.50833333333333
durham,1893,42.675000000000004
durham,1894,50.38333333333333
durham,1895,58.35
durham,1896,51.94166666666666
durham,1897,46.18333333333333
durham,1898,43.98333333333334
durham,1899,50.89166666666667
durham,1900,61.008333333333326
durham,1901,48.68333333333334
durham,1902,39.23333333333334
durham,1903,65.3
durham,1904,40.19166666666667
durham,1905,40.65
durham,1906,50.36666666666667
durham,1907,52.63333333333333
durham,1908,41.09166666666666
durham,1909,52.48333333333332
durham,1910,52.60833333333334
durham,1911,48.699999999999996
durham,1912,61.73333333333334
durham,1913,49.525
durham,1914,54.88333333333333
durham,1915,54.958333333333336
durham,1916,57.58333333333332
durham,1917,55.01666666666667
durham,1918,47.800000000000004
durham,1919,55.14166666666667
durham,1920,54.45833333333334
durham,1921,40.85833333333333
durham,1922,56.9
durham,1923,52.60833333333333
durham,1924,60.625
durham,1925,55.28333333333333
durham,1926,52.491666666666674
durham,1927,61.37500000000001
durham,1928,49.849999999999994
durham,1929,42.708333333333336
durham,1930,73.80833333333334
durham,1931,58.92499999999999
durham,1932,55.191666666666656
durham,1933,51.633333333333326
durham,1934,57.50833333333333
durham,1935,63.35
durham,1936,61.71666666666667
durham,1937,65.925
durham,1938,54.074999999999996
durham,1939,66.58333333333333
durham,1940,54.824999999999996
durham,1941,56.76666666666666
durham,1942,42.88333333333333
durham,1943,47.474999999999994
durham,1944,61.425000000000004
durham,1945,52.57499999999999
durham,1946,60.21666666666667
durham,1947,51.925000000000004
durham,1948,62.94166666666666
durham,1949,39.333333333333336
durham,1950,66.97500000000001
durham,1951,62.074999999999996
durham,1952,47.574999999999996
durham,1953,43.49166666666667
durham,1954,65.08333333333333
durham,1955,40.35
durham,1956,52.35833333333333
durham,1957,45.849999999999994
durham,1958,55.40000000000001
durham,1959,36.650000000000006
durham,1960,65.275
durham,1961,59.150000000000006
durham,1962,47.949999999999996
durham,1963,56.04999999999999
durham,1964,43.099999999999994
durham,1965,67.88333333333334
durham,1966,63.75
durham,1967,59.93333333333333
durham,1968,61.93333333333333
durham,1969,63.208333333333336
durham,1970,46.90833333333334
durham,1971,45.09166666666667
durham,1972,45.94166666666667
durham,1973,41.95
durham,1974,49.08333333333334
durham,1975,45.51666666666667
durham,1976,56.9
durham,1977,49.51666666666666
durham,1978,62.324999999999996
durham,1979,65.25833333333334
durham,1980,67.39166666666667
durham,1981,57.775
durham,1982,48.75833333333333
durham,1983,56.28333333333333
durham,1984,51.28333333333333
durham,1985,53.82500000000001
durham,1986,59.10833333333334
durham,1987,60.824999999999996
durham,1988,53.55833333333334
durham,1989,34.65833333333333
durham,1990,49.79999999999999
durham,1991,44.4
durham,1992,53.400000000000006
durham,1993,62.475
durham,1994,50.96666666666667
durham,1995,50.458333333333336
durham,1996,43.35
durham,1997,53.46666666666667
durham,1998,68.16666666666666
durham,1999,52.34444444444445
eastbourne,1959,64.81666666666666
eastbourne,1960,98.28333333333335
eastbourne,1961,67.775
eastbourne,1962,58.69166666666666
eastbourne,1963,71.46666666666667
eastbourne,1964,69.525
eastbourne,1965,72.26666666666667
eastbourne,1966,77.125
eastbourne,1967,73.93333333333334
eastbourne,1968,60.94166666666666
eastbourne,1969,63.82500000000001
eastbourne,1970,77.04545454545455
eastbourne,1971,57.51666666666666
eastbourne,1972,49.41666666666668
eastbourne,1973,46.475
eastbourne,1974,85.25
eastbourne,1975,68.15833333333333
eastbourne,1976,59.25833333333333
eastbourne,1977,57.70000000000001
eastbourne,1978,55.650000000000006
eastbourne,1979,68.64999999999999
eastbourne,1980,79.36666666666666
eastbourne,1981,72.14166666666667
eastbourne,1982,71.15833333333333
eastbourne,1983,59.58571428571428
eastbourne,1984,75.65833333333335
eastbourne,1985,54.133333333333326
eastbourne,1986,67.71666666666667
eastbourne,1987,75.75
eastbourne,1988,63.525000000000006
eastbourne,1989,55.43333333333333
eastbourne,1990,58.324999999999996
eastbourne,1991,65.19166666666668
eastbourne,1992,67.65
eastbourne,1993,73.64999999999999
eastbourne,1994,81.275
eastbourne,1995,54.283333333333324
eastbourne,1996,53.51666666666666
eastbourne,1997,68.40833333333333
eastbourne,1998,71.65833333333333
eastbourne,1999,68.31666666666668
eastbourne,2000,88.52499999999999
eastbourne,2001,77.125
eastbourne,2002,84.83333333333333
eastbourne,2003,53.19166666666666
eastbourne,2004,56.88333333333333
eastbourne,2005,51.13333333333333
eastbourne,2006,61.51666666666666
eastbourne,2007,60.824999999999996
eastbourne,2008,62.95000000000001
eastbourne,2009,71.86666666666666
eastbourne,2010,59.71666666666667
eastbourne,2011,52.44166666666666
eastbourne,2012,84.5909090909091
eastbourne,2013,72.59
eastbourne,2014,91.98571428571428
eastbourne,2015,71.40833333333333
eastbourne,2016,51.81818181818182
eastbourne,2017,51.06666666666666
eskdalemuir,1954,170.85833333333332
eskdalemuir,1955,93.44166666666668
eskdalemuir,1956,115.85833333333335
eskdalemuir,1957,126.44999999999999
eskdalemuir,1958,116.54166666666669
eskdalemuir,1959,117.64166666666667
eskdalemuir,1960,130.16666666666666
eskdalemuir,1961,119.30000000000003
eskdalemuir,1962,132.00833333333333
eskdalemuir,1963,131.24166666666665
eskdalemuir,1964,115.28333333333335
eskdalemuir,1965,127.04166666666667
eskdalemuir,1966,128.85
eskdalemuir,1967,139.75833333333335
eskdalemuir,1968,114.69999999999999
eskdalemuir,1969,94.79166666666667
eskdalemuir,1970,120.0166666666667
eskdalemuir,1971,99.66666666666667
eskdalemuir,1972,118.14999999999999
eskdalemuir,1973,85.67500000000001
eskdalemuir,1974,129.1833333333333
eskdalemuir,1975,111.44166666666668
eskdalemuir,1976,108.16666666666667
eskdalemuir,1977,141.04166666666669
eskdalemuir,1978,119.79166666666667
eskdalemuir,1979,137.31666666666666
eskdalemuir,1980,135.575
eskdalemuir,1981,136.48333333333332
eskdalemuir,1982,158.89999999999998
eskdalemuir,1983,130.04166666666666
eskdalemuir,1984,117.55
eskdalemuir,1985,156.10000000000002
eskdalemuir,1986,163.49999999999997
eskdalemuir,1987,127.05833333333334
eskdalemuir,1988,145.525
eskdalemuir,1989,130.9
eskdalemuir,1990,164.6
eskdalemuir,1991,137.25833333333333
eskdalemuir,1992,163.15
eskdalemuir,1993,139.15
eskdalemuir,1994,153.04166666666666
eskdalemuir,1995,131.88333333333335
eskdalemuir,1996,128.79166666666666
eskdalemuir,1997,141.91666666666669
eskdalemuir,1998,163.31666666666663
eskdalemuir,1999,152.03333333333333
eskdalemuir,2000,157.20833333333334
eskdalemuir,2001,111.61666666666666
eskdalemuir,2002,173.2833333333333
eskdalemuir,2003,109.22500000000001
eskdalemuir,2004,161.225
eskdalemuir,2005,145.48333333333335
eskdalemuir,2006,151.97500000000002
eskdalemuir,2007,138.81666666666663
eskdalemuir,2008,174.00833333333333
eskdalemuir,2009,181.57500000000002
eskdalemuir,2010,106.85000000000001
eskdalemuir,2011,190.79999999999998
eskdalemuir,2012,166.26666666666668
eskdalemuir,2013,149.6
eskdalemuir,2014,166.90833333333333
eskdalemuir,2015,204.3083333333333
eskdalemuir,2016,140.96666666666667
eskdalemuir,2017,140.73
eskdalemuir,2018,147.225
eskdalemuir,2019,139.61818181818182
eskdalemuir,2020,146.7
heathrow,1957,46.46666666666667
heathrow,1958,61.64166666666667
heathrow,1959,40.608333333333334
heathrow,1960,61.28333333333334
heathrow,1961,46.56666666666666
heathrow,1962,46.51666666666666
heathrow,1963,43.49166666666667
heathrow,1964,41.71666666666666
heathrow,1965,55.908333333333324
heathrow,1966,63.43333333333334
heathrow,1967,58.19999999999999
heathrow,1968,62.94166666666666
heathrow,1969,46.98333333333334
heathrow,1970,54.699999999999996
heathrow,1971,51.541666666666664
heathrow,1972,37.016666666666666
heathrow,1973,40.44166666666667
heathrow,1974,60.79166666666668
heathrow,1975,48.81666666666667
heathrow,1976,38.1
heathrow,1977,53.24166666666667
heathrow,1978,48.76666666666667
heathrow,1979,57.04166666666668
heathrow,1980,49.008333333333326
heathrow,1981,56.63333333333333
heathrow,1982,54.15
heathrow,1983,44.583333333333336
heathrow,1984,53.474999999999994
heathrow,1985,43.85833333333333
heathrow,1986,53.08333333333334
heathrow,1987,54.49999999999999
heathrow,1988,46.008333333333326
heathrow,1989,44.475
heathrow,1990,35.449999999999996
heathrow,1991,44.43333333333334
heathrow,1992,54.11666666666667
heathrow,1993,51.15833333333333
heathrow,1994,52.56666666666666
heathrow,1995,44.93333333333334
heathrow,1996,35.05833333333333
heathrow,1997,37.05833333333333
heathrow,1998,57.09166666666667
heathrow,1999,55.17500000000001
heathrow,2000,68.36666666666666
heathrow,2001,58.775
heathrow,2002,65.55833333333332
heathrow,2003,39.62499999999999
heathrow,2004,51.550000000000004
heathrow,2005,37.49999999999999
heathrow,2006,53.0
heathrow,2007,56.74166666666665
heathrow,2008,54.71666666666667
heathrow,2009,56.900000000000006
heathrow,2010,43.449999999999996
heathrow,2011,42.43333333333333
heathrow,2012,58.94999999999999
heathrow,2013,46.675000000000004
heathrow,2014,72.0
heathrow,2015,46.833333333333336
heathrow,2016,49.21666666666667
heathrow,2017,47.68333333333334
heathrow,2018,48.33333333333332
heathrow,2019,54.35
heathrow,2020,47.4
hurn,1968,111.0
hurn,1969,68.01666666666667
hurn,1970,68.47500000000001
hurn,1971,53.16666666666668
hurn,1972,70.71666666666667
hurn,1973,42.42499999999999
hurn,1974,77.81666666666666
hurn,1975,51.04999999999999
hurn,1976,56.9
hurn,1977,75.525
hurn,1978,66.41666666666667
hurn,1979,67.03333333333332
hurn,1980,65.65
hurn,1981,70.62727272727274
hurn,1982,81.55
hurn,1983,62.44166666666667
hurn,1984,66.12499999999999
hurn,1985,60.199999999999996
hurn,1986,73.99166666666666
hurn,1987,60.70833333333334
hurn,1988,60.70000000000001
hurn,1989,65.0
hurn,1990,58.683333333333316
hurn,1991,61.25
hurn,1992,65.16666666666667
hurn,1993,86.48333333333333
hurn,1994,79.52499999999999
hurn,1995,69.80833333333332
hurn,1996,60.92500000000001
hurn,1997,67.95
hurn,1998,75.82499999999999
hurn,1999,76.59166666666667
hurn,2000,99.34166666666668
hurn,2001,70.98333333333332
hurn,2002,88.01666666666667
hurn,2003,60.03333333333334
hurn,2004,62.94999999999999
hurn,2005,54.6
hurn,2006,64.325
hurn,2007,73.975
hurn,2008,74.83333333333333
hurn,2009,68.47272727272728
hurn,2010,58.93333333333334
hurn,2011,54.25454545454545
hurn,2012,94.05
hurn,2013,76.14999999999999
hurn,2014,101.4333333333333
hurn,2015,67.8
hurn,2016,75.38181818181819
hurn,2017,66.44166666666668
hurn,2018,68.725
hurn,2019,78.63333333333333
hurn,2020,67.63333333333334
lerwick,1930,122.4
lerwick,1931,79.46666666666667
lerwick,1932,79.5
lerwick,1933,73.18333333333332
lerwick,1934,92.825
lerwick,1935,101.74166666666667
lerwick,1936,72.89166666666667
lerwick,1937,79.38333333333334
lerwick,1938,99.85000000000001
lerwick,1939,73.94999999999999
lerwick,1940,80.38333333333333
lerwick,1941,65.88333333333334
lerwick,1942,86.5
lerwick,1943,91.48333333333335
lerwick,1944,79.875
lerwick,1945,83.70833333333333
lerwick,1946,96.28333333333335
lerwick,1947,71.41666666666667
lerwick,1948,94.64166666666667
lerwick,1949,91.71666666666665
lerwick,1950,102.67500000000001
lerwick,1951,98.80833333333334
lerwick,1952,96.77500000000002
lerwick,1953,92.76666666666667
lerwick,1954,105.14999999999999
lerwick,1955,67.98333333333333
lerwick,1956,80.48333333333333
lerwick,1957,98.79166666666667
lerwick,1958,82.12500000000001
lerwick,1959,76.53333333333333
lerwick,1960,70.75
lerwick,1961,90.94166666666666
lerwick,1962,94.34166666666665
lerwick,1963,79.71666666666667
lerwick,1964,102.825
lerwick,1965,94.70833333333331
lerwick,1966,100.09999999999998
lerwick,1967,124.05000000000001
lerwick,1968,82.95000000000002
lerwick,1969,103.09166666666665
lerwick,1970,108.38333333333333
lerwick,1971,103.60000000000001
lerwick,1972,86.02727272727272
lerwick,1973,118.76666666666667
lerwick,1974,83.76666666666667
lerwick,1975,90.77499999999999
lerwick,1976,85.11666666666666
lerwick,1977,95.65833333333335
lerwick,1978,86.81666666666668
lerwick,1979,129.23333333333332
lerwick,1980,89.39166666666667
lerwick,1981,117.00833333333333
lerwick,1982,105.25555555555555
lerwick,1983,109.84166666666665
lerwick,1984,90.85000000000001
lerwick,1985,90.60833333333335
lerwick,1986,106.88333333333334
lerwick,1987,97.17500000000001
lerwick,1988,108.54166666666667
lerwick,1989,102.14166666666667
lerwick,1990,127.44166666666666
lerwick,1991,99.80833333333334
lerwick,1992,106.13333333333333
lerwick,1993,93.26666666666667
lerwick,1994,121.40000000000002
lerwick,1995,106.675
lerwick,1996,82.66666666666667
lerwick,1997,91.35833333333333
lerwick,1998,119.74166666666666
lerwick,1999,128.45833333333334
lerwick,2000,117.37500000000004
lerwick,2001,94.56666666666666
lerwick,2002,93.99999999999999
lerwick,2003,94.24166666666666
lerwick,2004,103.93333333333334
lerwick,2005,114.34166666666665
lerwick,2006,110.13333333333333
lerwick,2007,103.68333333333332
lerwick,2008,104.98333333333333
lerwick,2009,106.96666666666668
lerwick,2010,88.2909090909091
lerwick,2011,103.86666666666667
lerwick,2012,101.58333333333333
lerwick,2013,128.04000000000002
lerwick,2014,112.41666666666669
lerwick,2015,126.7333333333333
lerwick,2016,101.49166666666669
lerwick,2017,117.96666666666668
lerwick,2018,89.64166666666665
lerwick,2019,94.26666666666667
lerwick,2020,95.39999999999999
leuchars,1957,53.69999999999999
leuchars,1958,63.01666666666668
leuchars,1959,47.650000000000006
leuchars,1960,69.44166666666668
leuchars,1961,55.024999999999984
leuchars,1962,52.05833333333333
leuchars,1963,64.83333333333333
leuchars,1964,44.34166666666666
leuchars,1965,57.666666666666664
leuchars,1966,69.89166666666667
leuchars,1967,48.383333333333326
leuchars,1968,57.708333333333336
leuchars,1969,55.05833333333334
leuchars,1970,54.28333333333334
leuchars,1971,41.425000000000004
leuchars,1972,45.36666666666667
leuchars,1973,34.625
leuchars,1974,52.56666666666667
leuchars,1975,43.5
leuchars,1976,55.24166666666667
leuchars,1977,61.225000000000016
leuchars,1978,66.54166666666666
leuchars,1979,53.67499999999999
leuchars,1980,61.44166666666666
leuchars,1981,53.55833333333333
leuchars,1982,59.866666666666674
leuchars,1983,49.574999999999996
leuchars,1984,60.258333333333326
leuchars,1985,71.98333333333333
leuchars,1986,50.65833333333333
leuchars,1987,58.93333333333333
leuchars,1988,63.199999999999996
leuchars,1989,37.86666666666667
leuchars,1990,54.85833333333334
leuchars,1991,50.775
leuchars,1992,58.20833333333334
leuchars,1993,68.63333333333333
leuchars,1994,42.974999999999994
leuchars,1995,56.9
leuchars,1996,50.5
leuchars,1997,52.85833333333333
leuchars,1998,61.475
leuchars,1999,50.29999999999999
leuchars,2000,65.63333333333334
leuchars,2001,52.491666666666674
leuchars,2002,82.50000000000001
leuchars,2003,41.35833333333333
leuchars,2004,69.26666666666665
leuchars,2005,58.88333333333333
leuchars,2006,51.583333333333336
leuchars,2007,58.708333333333336
leuchars,2008,67.1
leuchars,2009,65.94166666666668
leuchars,2010,62.074999999999996
leuchars,2011,71.15
leuchars,2012,74.66666666666667
leuchars,2013,52.43333333333333
leuchars,2014,67.54166666666667
leuchars,2015,62.145454545454534
leuchars,2016,55.66666666666668
leuchars,2017,51.300000000000004
leuchars,2018,54.19166666666667
leuchars,2019,64.51666666666667
leuchars,2020,44.4
lowestoft,1931,60.4
lowestoft,1932,49.78571428571429
lowestoft,1933,43.833333333333336
lowestoft,1934,38.68888888888888
lowestoft,1935,52.55
lowestoft,1936,42.01428571428572
lowestoft,1937,53.13636363636363
lowestoft,1938,38.45454545454545
lowestoft,1939,72.87777777777777
lowestoft,1940,69.61666666666666
lowestoft,1941,56.36
lowestoft,1942,41.58571428571429
lowestoft,1943,39.125
lowestoft,1944,53.25
lowestoft,1945,57.25555555555555
lowestoft,1946,70.0625
lowestoft,1947,26.433333333333334
lowestoft,1948,47.599999999999994
lowestoft,1949,35.03333333333333
lowestoft,1950,50.51666666666667
lowestoft,1951,59.025
lowestoft,1952,56.84166666666667
lowestoft,1953,36.59166666666666
lowestoft,1954,52.5
lowestoft,1955,38.99166666666667
lowestoft,1956,46.30000000000001
lowestoft,1957,45.24545454545456
lowestoft,1958,55.80833333333333
lowestoft,1959,
lowestoft,1960,
lowestoft,1961,57.88333333333333
lowestoft,1962,46.949999999999996
lowestoft,1963,45.60833333333333
lowestoft,1964,43.974999999999994
lowestoft,1965,62.625
lowestoft,1966,59.349999999999994
lowestoft,1967,47.65833333333333
lowestoft,1968,57.74166666666667
lowestoft,1969,52.30833333333334
lowestoft,1970,46.6
lowestoft,1971,45.06666666666667
lowestoft,1972,31.208333333333332
lowestoft,1973,41.95000000000001
lowestoft,1974,55.64166666666666
lowestoft,1975,48.94166666666666
lowestoft,1976,43.51666666666667
lowestoft,1977,39.525
lowestoft,1978,44.67499999999999
lowestoft,1979,50.94166666666666
lowestoft,1980,46.96666666666666
lowestoft,1981,52.416666666666664
lowestoft,1982,51.775
lowestoft,1983,44.416666666666664
lowestoft,1984,51.40833333333334
lowestoft,1985,54.541666666666664
lowestoft,1986,47.972727272727276
lowestoft,1987,53.883333333333326
lowestoft,1988,47.73333333333333
lowestoft,1989,36.91428571428571
lowestoft,1990,47.025000000000006
lowestoft,1991,32.11666666666667
lowestoft,1992,53.09166666666666
lowestoft,1993,65.33636363636364
lowestoft,1994,46.80833333333334
lowestoft,1995,45.01666666666666
lowestoft,1996,41.45833333333333
lowestoft,1997,43.541666666666664
lowestoft,1998,59.675000000000004
lowestoft,1999,55.958333333333336
lowestoft,2000,60.11666666666667
lowestoft,2001,66.425
lowestoft,2002,56.599999999999994
lowestoft,2003,49.03636363636363
lowestoft,2004,57.81666666666666
lowestoft,2005,52.033333333333324
lowestoft,2006,43.47
lowestoft,2007,66.55
lowestoft,2008,58.98333333333332
lowestoft,2009,49.18181818181818
lowestoft,2010,59.099999999999994
manston,1973,52.989999999999995
manston,1974,51.166666666666664
manston,1975,57.074999999999996
manston,1976,50.51666666666666
manston,1977,45.958333333333336
manston,1978,36.675
manston,1979,47.708333333333336
manston,1980,43.03333333333333
manston,1981,49.800000000000004
manston,1982,44.93333333333334
manston,1983,42.09166666666666
manston,1984,47.00833333333333
manston,1985,44.01666666666667
manston,1986,47.949999999999996
manston,1987,55.974999999999994
manston,1988,46.81666666666667
manston,1989,37.541666666666664
manston,1990,41.81666666666667
manston,1991,40.574999999999996
manston,1992,48.225
manston,1993,52.49166666666667
manston,1994,47.53333333333333
manston,1995,40.85
manston,1996,35.55
manston,1997,41.00833333333333
manston,1998,50.12500000000001
manston,1999,47.44166666666666
manston,2000,66.36666666666666
manston,2001,61.63636363636365
manston,2002,56.92727272727273
manston,2003,43.949999999999996
manston,2004,47.383333333333326
manston,2005,44.519999999999996
manston,2006,51.12
manston,2007,48.260000000000005
manston,2008,74.93333333333332
manston,2009,60.43636363636363
manston,2010,55.49090909090909
manston,2011,38.35454545454545
manston,2012,65.2090909090909
manston,2013,51.46666666666667
manston,2014,63.18333333333334
manston,2015,51.06666666666666
manston,2016,49.58333333333334
manston,2017,42.666666666666664
manston,2018,58.67272727272727
manston,2019,48.116666666666674
manston,2020,39.900000000000006
nairn,1931,59.53333333333334
nairn,1932,63.425000000000004
nairn,1933,41.85
nairn,1934,56.099999999999994
nairn,1935,63.191666666666656
nairn,1936,49.26666666666666
nairn,1937,51.53333333333333
nairn,1938,61.90833333333333
nairn,1939,54.083333333333336
nairn,1940,62.01666666666667
nairn,1941,56.42499999999999
nairn,1942,57.98333333333334
nairn,1943,51.525000000000006
nairn,1944,56.71666666666667
nairn,1945,51.224999999999994
nairn,1946,50.64166666666667
nairn,1947,43.375
nairn,1948,62.03333333333333
nairn,1949,57.93333333333334
nairn,1950,55.31666666666666
nairn,1951,56.86666666666667
nairn,1952,43.991666666666674
nairn,1953,53.29999999999999
nairn,1954,59.29999999999999
nairn,1955,41.325
nairn,1956,58.79999999999999
nairn,1957,57.71666666666667
nairn,1958,55.400000000000006
nairn,1959,43.44166666666667
nairn,1960,41.583333333333336
nairn,1961,49.008333333333326
nairn,1962,49.5
nairn,1963,52.23333333333333
nairn,1964,41.00999999999999
nairn,1965,56.025
nairn,1966,53.099999999999994
nairn,1967,50.324999999999996
nairn,1968,56.725
nairn,1969,40.26363636363636
nairn,1970,58.40833333333334
nairn,1971,42.458333333333336
nairn,1972,28.472727272727273
nairn,1973,54.94
nairn,1974,47.574999999999996
nairn,1975,44.18333333333334
nairn,1976,38.31666666666667
nairn,1977,47.65833333333333
nairn,1978,53.51666666666667
nairn,1979,49.06666666666666
nairn,1980,64.2
nairn,1981,47.30833333333333
nairn,1982,48.25833333333333
nairn,1983,39.708333333333336
nairn,1984,44.4
nairn,1985,49.21666666666667
nairn,1986,41.88333333333333
nairn,1987,51.06666666666667
nairn,1988,58.175000000000004
nairn,1989,43.98333333333333
nairn,1990,66.21666666666667
nairn,1991,41.816666666666656
nairn,1992,50.85833333333334
nairn,1993,51.333333333333336
nairn,1994,55.291666666666664
nairn,1995,52.83333333333332
nairn,1996,38.5375
nairn,1997,59.64166666666665
nairn,1998,57.17777777777777
nairn,1999,54.11666666666667
nairn,2000,61.027272727272724
nairn,2001,49.324999999999996
nairn,2002,61.724999999999994
nairn,2003,39.324999999999996
nairn,2004,65.06666666666666
nairn,2005,52.83333333333334
nairn,2006,63.65555555555555
nairn,2007,60.309090909090905
nairn,2008,55.010000000000005
nairn,2009,64.94285714285715
nairn,2010,55.725
nairn,2011,58.25714285714286
nairn,2012,62.58333333333334
nairn,2013,44.199999999999996
nairn,2014,61.92
newtonrigg,1959,
newtonrigg,1960,
newtonrigg,1961,75.91666666666667
newtonrigg,1962,62.49090909090909
newtonrigg,1963,70.52727272727272
newtonrigg,1964,
newtonrigg,1965,72.88333333333333
newtonrigg,1966,80.36666666666666
newtonrigg,1967,100.27500000000002
newtonrigg,1968,82.83333333333333
newtonrigg,1969,71.01666666666667
newtonrigg,1970,74.91666666666666
newtonrigg,1971,63.70833333333332
newtonrigg,1972,76.33636363636366
newtonrigg,1973,
newtonrigg,1974,92.8583333333333
newtonrigg,1975,62.70000000000001
newtonrigg,1976,70.83636363636363
newtonrigg,1977,75.64999999999999
newtonrigg,1978,77.23333333333333
newtonrigg,1979,79.61818181818181
newtonrigg,1980,75.87272727272726
newtonrigg,1981,82.64545454545454
oxford,1929,47.53333333333334
oxford,1930,57.074999999999996
oxford,1931,57.775
oxford,1932,56.19166666666667
oxford,1933,40.95
oxford,1934,46.533333333333324
oxford,1935,64.24166666666666
oxford,1936,54.525000000000006
oxford,1937,58.40833333333333
oxford,1938,48.11666666666667
oxford,1939,64.46666666666665
oxford,1940,54.59166666666667
oxford,1941,54.10833333333333
oxford,1942,55.68333333333333
oxford,1943,42.90833333333333
oxford,1944,46.63333333333333
oxford,1945,47.475
oxford,1946,57.074999999999996
oxford,1947,42.33333333333333
oxford,1948,60.758333333333326
oxford,1949,48.20833333333334
oxford,1950,61.16666666666666
oxford,1951,71.46666666666665
oxford,1952,54.925000000000004
oxford,1953,44.40833333333333
oxford,1954,61.125
oxford,1955,48.73333333333333
oxford,1956,52.55833333333334
oxford,1957,59.50833333333333
oxford,1958,66.68333333333334
oxford,1959,51.53333333333333
oxford,1960,80.39166666666667
oxford,1961,54.541666666666664
oxford,1962,52.75
oxford,1963,53.324999999999996
oxford,1964,34.875
oxford,1965,54.86666666666667
oxford,1966,62.600000000000016
oxford,1967,58.333333333333336
oxford,1968,67.75833333333334
oxford,1969,50.76666666666666
oxford,1970,53.46666666666667
oxford,1971,61.71666666666667
oxford,1972,47.975
oxford,1973,41.21666666666667
oxford,1974,65.31666666666666
oxford,1975,44.866666666666674
oxford,1976,42.43333333333333
oxford,1977,59.21666666666667
oxford,1978,48.06666666666666
oxford,1979,62.65833333333333
oxford,1980,52.85833333333333
oxford,1981,56.90833333333333
oxford,1982,54.54166666666666
oxford,1983,48.14166666666666
oxford,1984,50.724999999999994
oxford,1985,56.445454545454545
oxford,1986,58.675000000000004
oxford,1987,49.63333333333333
oxford,1988,47.59166666666667
oxford,1989,49.9
oxford,1990,39.416666666666664
oxford,1991,43.9
oxford,1992,66.3
oxford,1993,60.300000000000004
oxford,1994,58.62500000000001
oxford,1995,56.949999999999996
oxford,1996,42.5
oxford,1997,52.900000000000006
oxford,1998,58.718181818181826
oxford,1999,61.39166666666666
oxford,2000,68.89166666666667
oxford,2001,56.416666666666664
oxford,2002,67.79166666666667
oxford,2003,41.8
oxford,2004,60.61666666666667
oxford,2005,42.05833333333333
oxford,2006,63.75833333333333
oxford,2007,62.82500000000001
oxford,2008,65.98888888888888
oxford,2009,51.708333333333336
oxford,2010,51.90909090909091
oxford,2011,41.56666666666666
oxford,2012,65.16666666666667
oxford,2013,52.98333333333334
oxford,2014,65.65
oxford,2015,45.61666666666667
oxford,2016,54.849999999999994
oxford,2017,50.88181818181818
oxford,2018,49.45454545454545
oxford,2019,72.3
oxford,2020,27.5
paisley,1959,78.38333333333333
paisley,1960,93.875
paisley,1961,102.45
paisley,1962,98.99166666666667
paisley,1963,85.81666666666668
paisley,1964,85.99166666666667
paisley,1965,96.13333333333334
paisley,1966,98.85833333333335
paisley,1967,101.83333333333333
paisley,1968,90.30000000000001
paisley,1969,73.50833333333334
paisley,1970,92.68333333333334
paisley,1971,73.95833333333334
paisley,1972,79.84166666666667
paisley,1973,80.05000000000001
paisley,1974,87.81666666666666
paisley,1975,85.39999999999999
paisley,1976,83.89999999999999
paisley,1977,100.01666666666667
paisley,1978,96.82499999999999
paisley,1979,103.17500000000001
paisley,1980,96.53333333333335
paisley,1981,103.04166666666669
paisley,1982,111.89166666666665
paisley,1983,97.8
paisley,1984,91.925
paisley,1985,111.63333333333334
paisley,1986,119.86666666666666
paisley,1987,93.34999999999998
paisley,1988,106.95833333333333
paisley,1989,99.36666666666666
paisley,1990,127.71666666666665
paisley,1991,102.05000000000001
paisley,1992,116.175
paisley,1993,114.94999999999997
paisley,1994,118.65833333333335
paisley,1995,103.43333333333334
paisley,1996,79.9
paisley,1997,88.02499999999998
paisley,1998,118.81666666666666
paisley,1999,121.14166666666665
paisley,2000,109.42500000000003
paisley,2001,70.26666666666667
paisley,2002,112.125
paisley,2003,72.6
paisley,2004,108.35000000000002
paisley,2005,95.89999999999999
paisley,2006,120.0
paisley,2007,101.25833333333333
paisley,2008,124.44999999999999
paisley,2009,103.09166666666665
paisley,2010,78.93333333333332
paisley,2011,116.60000000000001
ringway,1949,
ringway,1950,
ringway,1951,
ringway,1952,
ringway,1953,
ringway,1954,
ringway,1955,
ringway,1956,
ringway,1957,
ringway,1958,
ringway,1959,
ringway,1960,
ringway,1961,71.27499999999999
ringway,1962,63.333333333333336
ringway,1963,56.81666666666667
ringway,1964,61.03333333333333
ringway,1965,73.05833333333334
ringway,1966,82.64166666666667
ringway,1967,67.91666666666667
ringway,1968,67.81666666666666
ringway,1969,69.13333333333334
ringway,1970,68.23333333333333
ringway,1971,55.583333333333336
ringway,1972,69.525
ringway,1973,72.14166666666667
ringway,1974,69.21666666666667
ringway,1975,53.85
ringway,1976,55.975
ringway,1977,69.64999999999999
ringway,1978,62.758333333333326
ringway,1979,68.66666666666666
ringway,1980,72.76666666666667
ringway,1981,86.05000000000001
ringway,1982,64.2
ringway,1983,74.37499999999999
ringway,1984,61.80833333333333
ringway,1985,58.333333333333336
ringway,1986,69.47500000000001
ringway,1987,74.76666666666667
ringway,1988,73.80833333333335
ringway,1989,59.57499999999999
ringway,1990,66.66666666666666
ringway,1991,48.24166666666667
ringway,1992,71.35833333333333
ringway,1993,65.43333333333335
ringway,1994,76.84166666666667
ringway,1995,53.76666666666667
ringway,1996,56.400000000000006
ringway,1997,63.758333333333326
ringway,1998,76.44999999999999
ringway,1999,71.47500000000001
ringway,2000,92.56666666666665
ringway,2001,67.8
ringway,2002,85.47500000000001
ringway,2003,55.725
ringway,2004,84.28
rossonwye,1930,83.8
rossonwye,1931,64.83333333333334
rossonwye,1932,65.57499999999999
rossonwye,1933,48.975
rossonwye,1934,47.38333333333333
rossonwye,1935,61.4
rossonwye,1936,70.15
rossonwye,1937,64.20833333333334
rossonwye,1938,47.416666666666664
rossonwye,1939,58.46666666666666
rossonwye,1940,61.23333333333333
rossonwye,1941,58.991666666666674
rossonwye,1942,50.69166666666667
rossonwye,1943,53.81666666666666
rossonwye,1944,46.975
rossonwye,1945,55.166666666666664
rossonwye,1946,65.425
rossonwye,1947,59.15833333333333
rossonwye,1948,65.25833333333333
rossonwye,1949,48.166666666666664
rossonwye,1950,60.150000000000006
rossonwye,1951,73.54166666666667
rossonwye,1952,59.73333333333333
rossonwye,1953,48.60833333333332
rossonwye,1954,66.79166666666667
rossonwye,1955,56.916666666666664
rossonwye,1956,56.041666666666664
rossonwye,1957,47.69999999999999
rossonwye,1958,73.22500000000001
rossonwye,1959,64.03333333333333
rossonwye,1960,82.98333333333333
rossonwye,1961,52.56666666666666
rossonwye,1962,45.416666666666664
rossonwye,1963,56.650000000000006
rossonwye,1964,39.25
rossonwye,1965,62.116666666666674
rossonwye,1966,61.341666666666676
rossonwye,1967,65.56666666666668
rossonwye,1968,68.68333333333334
rossonwye,1969,54.916666666666664
rossonwye,1970,66.55833333333334
rossonwye,1971,56.61666666666667
rossonwye,1972,60.11666666666667
rossonwye,1973,39.891666666666666
rossonwye,1974,65.39999999999999
rossonwye,1985,74.4
rossonwye,1986,64.04166666666667
rossonwye,1987,54.89166666666667
rossonwye,1988,48.50833333333333
rossonwye,1989,61.4818181818182
rossonwye,1990,54.87500000000001
rossonwye,1991,56.416666666666664
rossonwye,1992,59.900000000000006
rossonwye,1993,62.41666666666666
rossonwye,1994,62.51666666666668
rossonwye,1995,56.625
rossonwye,1996,50.725
rossonwye,1997,57.63333333333333
rossonwye,1998,55.837500000000006
rossonwye,1999,72.84545454545454
rossonwye,2000,83.24166666666666
rossonwye,2001,63.94999999999999
rossonwye,2002,74.98333333333333
rossonwye,2003,43.541666666666664
rossonwye,2004,57.68333333333334
rossonwye,2005,56.43333333333334
rossonwye,2006,62.40833333333334
rossonwye,2007,75.78333333333335
rossonwye,2008,74.68333333333334
rossonwye,2009,67.45
rossonwye,2010,49.00833333333333
rossonwye,2011,43.48333333333334
rossonwye,2012,87.72500000000001
rossonwye,2013,64.23333333333333
rossonwye,2014,82.35833333333335
rossonwye,2015,54.349999999999994
rossonwye,2016,61.066666666666656
rossonwye,2017,52.46666666666667
rossonwye,2019,78.50909090909092
rossonwye,2020,80.2
shawbury,1957,54.166666666666664
shawbury,1958,69.44545454545455
shawbury,1959,51.666666666666664
shawbury,1960,74.12499999999999
shawbury,1961,54.275000000000006
shawbury,1962,49.56666666666667
shawbury,1963,42.86666666666667
shawbury,1964,39.89166666666667
shawbury,1965,68.95
shawbury,1966,69.26666666666667
shawbury,1967,58.81666666666667
shawbury,1968,61.36666666666667
shawbury,1969,59.65
shawbury,1970,55.70833333333334
shawbury,1971,52.300000000000004
shawbury,1972,56.86666666666667
shawbury,1973,51.31666666666666
shawbury,1974,51.04166666666668
shawbury,1975,37.88333333333333
shawbury,1976,51.99166666666667
shawbury,1977,56.23333333333333
shawbury,1978,50.96666666666667
shawbury,1979,62.64166666666667
shawbury,1980,62.85
shawbury,1981,56.275
shawbury,1982,60.024999999999984
shawbury,1983,46.24166666666667
shawbury,1984,54.41666666666668
shawbury,1985,55.4
shawbury,1986,53.33333333333334
shawbury,1987,56.71666666666667
shawbury,1988,56.78333333333334
shawbury,1989,49.06666666666666
shawbury,1990,50.23333333333333
shawbury,1991,43.14166666666666
shawbury,1992,64.00833333333334
shawbury,1993,60.44166666666666
shawbury,1994,56.541666666666664
shawbury,1995,50.15833333333333
shawbury,1996,44.85833333333334
shawbury,1997,52.01666666666667
shawbury,1998,56.849999999999994
shawbury,1999,66.52499999999999
shawbury,2000,72.15833333333335
shawbury,2001,51.725
shawbury,2002,56.75
shawbury,2003,48.541666666666664
shawbury,2004,55.824999999999996
shawbury,2005,55.45000000000001
shawbury,2006,49.916666666666664
shawbury,2007,66.43333333333334
shawbury,2008,64.53333333333335
shawbury,2009,53.872727272727275
shawbury,2010,43.89166666666667
shawbury,2011,37.93333333333334
shawbury,2012,78.76666666666667
shawbury,2013,57.349999999999994
shawbury,2014,62.58333333333332
shawbury,2015,54.125
shawbury,2016,60.46666666666666
shawbury,2017,55.75
shawbury,2018,53.83333333333332
shawbury,2019,66.88333333333334
shawbury,2020,55.96666666666667
sheffield,1929,64.47272727272728
sheffield,1930,76.6
sheffield,1931,77.325
sheffield,1932,67.45
sheffield,1933,52.81666666666666
sheffield,1934,52.23333333333334
sheffield,1935,72.60833333333333
sheffield,1936,64.52499999999999
sheffield,1937,74.89999999999999
sheffield,1938,65.8
sheffield,1939,78.02499999999999
sheffield,1940,63.78333333333333
sheffield,1941,73.50833333333334
sheffield,1942,56.75833333333333
sheffield,1943,55.10833333333333
sheffield,1944,70.65833333333333
sheffield,1945,56.99166666666667
sheffield,1946,82.14166666666667
sheffield,1947,64.25833333333334
sheffield,1948,61.38333333333333
sheffield,1949,59.43333333333334
sheffield,1950,64.54166666666667
sheffield,1951,78.14166666666667
sheffield,1952,57.87500000000001
sheffield,1953,49.85
sheffield,1954,81.98333333333333
sheffield,1955,58.349999999999994
sheffield,1956,75.10833333333332
sheffield,1957,61.12499999999999
sheffield,1958,80.36666666666666
sheffield,1959,50.775
sheffield,1960,86.26666666666667
sheffield,1961,59.83333333333332
sheffield,1962,57.38333333333333
sheffield,1963,61.400000000000006
sheffield,1964,53.60833333333333
sheffield,1965,86.54166666666667
sheffield,1966,80.74999999999999
sheffield,1967,66.89166666666667
sheffield,1968,73.04999999999998
sheffield,1969,78.72500000000001
sheffield,1970,65.55
sheffield,1971,64.2
sheffield,1972,65.08181818181818
sheffield,1973,63.44166666666666
sheffield,1974,64.51666666666667
sheffield,1975,46.60833333333334
sheffield,1976,56.18333333333333
sheffield,1977,73.63333333333334
sheffield,1978,68.65833333333333
sheffield,1979,80.03333333333332
sheffield,1980,73.15000000000002
sheffield,1981,78.38333333333334
sheffield,1982,69.31666666666668
sheffield,1983,75.51666666666667
sheffield,1984,72.20833333333333
sheffield,1985,56.17499999999999
sheffield,1986,83.17500000000001
sheffield,1987,65.775
sheffield,1988,76.25
sheffield,1989,61.425000000000004
sheffield,1990,63.58333333333332
sheffield,1991,55.55833333333333
sheffield,1992,68.70833333333333
sheffield,1993,72.03636363636363
sheffield,1994,75.425
sheffield,1995,55.65
sheffield,1996,67.06000000000002
sheffield,1997,65.39166666666667
sheffield,1998,77.11666666666667
sheffield,1999,73.35000000000001
sheffield,2000,90.57499999999999
sheffield,2001,67.03636363636362
sheffield,2002,87.50833333333334
sheffield,2003,49.599999999999994
sheffield,2004,71.26666666666668
sheffield,2005,60.574999999999996
sheffield,2006,65.43333333333332
sheffield,2007,79.06666666666666
sheffield,2008,79.83636363636364
sheffield,2009,66.16363636363636
sheffield,2010,51.53333333333334
sheffield,2011,47.699999999999996
sheffield,2012,95.53333333333335
sheffield,2013,60.68333333333333
sheffield,2014,72.01666666666665
sheffield,2015,66.08333333333333
sheffield,2016,65.65
sheffield,2017,58.08333333333334
sheffield,2018,66.73333333333333
sheffield,2019,87.42222222222222
sheffield,2020,71.8
southampton,1895,59.99166666666667
southampton,1896,55.73333333333334
southampton,1897,68.95
southampton,1898,56.4
southampton,1899,58.475
southampton,1900,66.85
southampton,1901,59.84166666666666
southampton,1902,58.12499999999999
southampton,1903,91.46666666666665
southampton,1904,65.64166666666667
southampton,1905,55.425000000000004
southampton,1906,70.04166666666667
southampton,1907,65.22500000000001
southampton,1908,58.949999999999996
southampton,1909,76.41666666666666
southampton,1910,71.2
southampton,1911,64.38333333333333
southampton,1912,78.95833333333333
southampton,1913,67.71666666666668
southampton,1914,78.29166666666666
southampton,1915,88.16666666666667
southampton,1916,80.16363636363637
southampton,1917,63.59166666666667
southampton,1918,67.94166666666666
southampton,1919,71.10000000000001
southampton,1920,66.88333333333331
southampton,1921,34.839999999999996
southampton,1922,72.85833333333333
southampton,1923,58.42999999999999
southampton,1924,83.16363636363637
southampton,1925,76.95
southampton,1926,62.84545454545455
southampton,1927,79.80833333333334
southampton,1928,75.90833333333333
southampton,1929,70.14166666666667
southampton,1930,75.5909090909091
southampton,1931,66.10833333333333
southampton,1932,69.55833333333335
southampton,1933,50.00833333333335
southampton,1934,50.96363636363637
southampton,1935,87.25833333333333
southampton,1936,75.63636363636364
southampton,1937,81.97500000000001
southampton,1938,57.54166666666666
southampton,1939,71.72727272727273
southampton,1940,67.26363636363637
southampton,1941,54.3
southampton,1942,60.791666666666664
southampton,1943,55.06666666666666
southampton,1944,51.455555555555556
southampton,1945,55.080000000000005
southampton,1946,77.64545454545454
southampton,1947,51.50833333333333
southampton,1948,67.23333333333335
southampton,1949,56.81666666666666
southampton,1950,69.21666666666665
southampton,1951,96.65454545454546
southampton,1952,66.25
southampton,1953,58.36666666666667
southampton,1954,73.825
southampton,1955,63.083333333333336
southampton,1956,61.16363636363636
southampton,1957,63.533333333333324
southampton,1958,78.45454545454545
southampton,1959,59.125
southampton,1960,89.68181818181817
southampton,1961,61.66666666666668
southampton,1962,60.554545454545455
southampton,1963,62.199999999999996
southampton,1964,48.93
southampton,1965,68.80833333333334
southampton,1966,74.61666666666667
southampton,1967,79.06666666666666
southampton,1968,74.96666666666667
southampton,1969,63.800000000000004
southampton,1970,65.35000000000001
southampton,1971,56.03333333333333
southampton,1972,63.458333333333336
southampton,1973,41.13
southampton,1974,82.27499999999999
southampton,1975,57.583333333333336
southampton,1976,56.550000000000004
southampton,1977,61.42727272727273
southampton,1978,62.833333333333336
southampton,1979,66.875
southampton,1980,58.800000000000004
southampton,1981,69.38181818181819
southampton,1982,71.78333333333333
southampton,1983,52.48181818181819
southampton,1984,67.01666666666667
southampton,1985,54.13333333333333
southampton,1986,68.02499999999999
southampton,1987,62.43333333333333
southampton,1988,51.92
southampton,1989,56.275000000000006
southampton,1990,55.1
southampton,1991,55.133333333333326
southampton,1992,50.85
stornoway,1929,100.875
stornoway,1930,92.46666666666668
stornoway,1931,99.47500000000001
stornoway,1932,99.23333333333333
stornoway,1933,73.53333333333332
stornoway,1934,101.96666666666665
stornoway,1935,98.31666666666668
stornoway,1936,82.3
stornoway,1937,75.6
stornoway,1938,113.20833333333333
stornoway,1939,90.96666666666665
stornoway,1940,85.13333333333333
stornoway,1941,73.72500000000001
stornoway,1942,95.08333333333333
stornoway,1943,106.77499999999998
stornoway,1944,90.44166666666668
stornoway,1945,80.29166666666667
stornoway,1946,89.75833333333333
stornoway,1947,84.55000000000001
stornoway,1948,103.56666666666666
stornoway,1949,103.80833333333332
stornoway,1950,102.30833333333334
stornoway,1951,88.0
stornoway,1952,94.48333333333333
stornoway,1953,87.52499999999999
stornoway,1954,99.19999999999999
stornoway,1955,73.0
stornoway,1956,90.15833333333335
stornoway,1957,100.16666666666667
stornoway,1958,80.16666666666666
stornoway,1959,103.40000000000002
stornoway,1960,79.525
stornoway,1961,99.40833333333335
stornoway,1962,95.375
stornoway,1963,74.95
stornoway,1964,95.30833333333334
stornoway,1965,92.61666666666666
stornoway,1966,91.46666666666665
stornoway,1967,109.825
stornoway,1968,66.66666666666667
stornoway,1969,86.16666666666667
stornoway,1970,95.85833333333335
stornoway,1971,93.85833333333333
stornoway,1972,75.64166666666667
stornoway,1973,98.84166666666665
stornoway,1974,100.68333333333334
stornoway,1975,85.04166666666667
stornoway,1976,91.14166666666667
stornoway,1977,91.92500000000001
stornoway,1978,96.23333333333333
stornoway,1979,100.87500000000001
stornoway,1980,101.89999999999999
stornoway,1981,112.24166666666667
stornoway,1982,117.75
stornoway,1983,104.93333333333334
stornoway,1984,89.35833333333335
stornoway,1985,103.43333333333334
stornoway,1986,108.58333333333333
stornoway,1987,87.575
stornoway,1988,107.93333333333334
stornoway,1989,123.22500000000001
stornoway,1990,128.62500000000003
stornoway,1991,89.40000000000002
stornoway,1992,120.59999999999998
stornoway,1993,93.175
stornoway,1994,107.31666666666666
stornoway,1995,102.73333333333333
stornoway,1996,91.625
stornoway,1997,97.56666666666668
stornoway,1998,115.03333333333335
stornoway,1999,128.91666666666666
stornoway,2000,114.8
stornoway,2001,81.50833333333334
stornoway,2002,90.95
stornoway,2003,82.9818181818182
stornoway,2004,105.18181818181819
stornoway,2005,106.14999999999999
stornoway,2006,104.74166666666667
stornoway,2007,100.43636363636364
stornoway,2008,102.43333333333332
stornoway,2009,117.0
stornoway,2010,76.96666666666667
stornoway,2011,107.46666666666665
stornoway,2012,91.98333333333333
stornoway,2013,99.05833333333334
stornoway,2014,108.50000000000001
stornoway,2015,124.83333333333333
stornoway,2016,99.98333333333333
stornoway,2017,103.08333333333336
stornoway,2018,96.81666666666666
stornoway,2019,105.59999999999998
stornoway,2020,111.03333333333335
tiree,1930,161.0
tiree,1931,89.11666666666666
tiree,1932,86.89999999999999
tiree,1933,89.04166666666667
tiree,1934,96.72500000000001
tiree,1935,96.88333333333334
tiree,1936,75.83333333333333
tiree,1937,73.075
tiree,1938,108.81666666666666
tiree,1939,81.39999999999999
tiree,1940,91.08333333333333
tiree,1941,58.74999999999999
tiree,1942,99.71666666666668
tiree,1943,108.95833333333333
tiree,1944,106.95833333333331
tiree,1945,100.47500000000001
tiree,1946,93.375
tiree,1947,82.64166666666667
tiree,1948,117.05
tiree,1949,106.89999999999999
tiree,1950,119.7
tiree,1951,106.10833333333333
tiree,1952,85.57499999999999
tiree,1953,97.48333333333335
tiree,1954,123.29166666666667
tiree,1955,80.90833333333332
tiree,1956,95.64999999999999
tiree,1957,95.54166666666667
tiree,1958,81.49166666666666
tiree,1959,84.65833333333335
tiree,1960,85.19166666666666
tiree,1961,102.56666666666666
tiree,1962,91.69166666666666
tiree,1963,71.28333333333335
tiree,1964,92.41666666666664
tiree,1965,93.88333333333333
tiree,1966,82.95
tiree,1967,105.68333333333334
tiree,1968,75.10833333333333
tiree,1969,82.83333333333333
tiree,1970,93.94999999999999
tiree,1971,82.88333333333333
tiree,1972,89.15833333333335
tiree,1973,87.41666666666667
tiree,1974,101.93333333333334
tiree,1975,92.325
tiree,1976,93.20833333333333
tiree,1977,82.56666666666665
tiree,1978,92.0
tiree,1979,107.94166666666666
tiree,1980,107.19166666666666
tiree,1981,99.35833333333335
tiree,1982,114.14166666666667
tiree,1983,89.625
tiree,1984,104.71666666666668
tiree,1985,106.54166666666667
tiree,1986,109.48333333333335
tiree,1987,100.53333333333332
tiree,1988,113.60833333333335
tiree,1989,115.22500000000001
tiree,1990,126.59166666666665
tiree,1991,106.80833333333334
tiree,1992,120.29166666666669
tiree,1993,106.20833333333333
tiree,1994,112.56666666666666
tiree,1995,97.39999999999998
tiree,1996,104.95833333333333
tiree,1997,92.06666666666666
tiree,1998,112.18333333333334
tiree,1999,117.75833333333333
tiree,2000,106.78333333333335
tiree,2001,80.55454545454546
tiree,2002,108.72727272727273
tiree,2003,83.91666666666667
tiree,2004,107.46363636363635
tiree,2005,100.3
tiree,2006,107.9818181818182
tiree,2007,83.32727272727273
tiree,2008,107.96666666666665
tiree,2009,118.45833333333331
tiree,2010,82.40833333333333
tiree,2011,125.81666666666666
tiree,2012,99.31666666666666
tiree,2013,100.85833333333335
tiree,2014,125.90000000000002
tiree,2015,123.40000000000002
tiree,2016,109.75
tiree,2017,111.31666666666668
tiree,2018,103.425
tiree,2019,107.12727272727271
tiree,2020,98.69999999999999
valley,1930,130.3
valley,1931,70.97500000000001
valley,1932,70.09166666666667
valley,1933,49.458333333333336
valley,1934,76.78333333333333
valley,1935,74.89999999999999
valley,1936,80.28333333333333
valley,1937,70.46666666666665
valley,1938,80.23333333333333
valley,1939,71.20833333333334
valley,1940,74.90833333333335
valley,1941,62.39090909090908
valley,1942,73.14999999999999
valley,1943,69.08333333333333
valley,1944,68.09166666666667
valley,1945,49.35
valley,1946,77.87499999999999
valley,1947,70.43333333333334
valley,1948,73.22500000000001
valley,1949,58.175000000000004
valley,1950,75.84166666666667
valley,1951,82.93333333333334
valley,1952,64.76666666666667
valley,1953,64.13333333333333
valley,1954,87.125
valley,1955,53.69166666666666
valley,1956,72.85833333333333
valley,1957,85.76666666666667
valley,1958,87.08333333333336
valley,1959,69.51666666666667
valley,1960,87.10000000000001
valley,1961,88.05000000000001
valley,1962,60.80833333333333
valley,1963,65.31666666666666
valley,1964,69.29166666666667
valley,1965,83.83333333333333
valley,1966,76.70833333333333
valley,1967,80.175
valley,1968,67.89166666666667
valley,1969,71.375
valley,1970,73.25833333333334
valley,1971,54.25000000000001
valley,1972,67.05
valley,1973,65.80000000000001
valley,1974,72.38333333333334
valley,1975,59.800000000000004
valley,1976,57.64166666666666
valley,1977,76.73333333333333
valley,1978,62.94999999999999
valley,1979,77.78333333333333
valley,1980,75.30833333333332
valley,1981,75.14166666666667
valley,1982,69.64999999999999
valley,1983,67.10000000000001
valley,1984,74.70833333333334
valley,1985,72.50000000000001
valley,1986,75.1
valley,1987,72.01666666666667
valley,1988,69.45
valley,1989,62.775
valley,1990,64.9
valley,1991,51.90833333333334
valley,1992,72.7
valley,1993,67.10833333333333
valley,1994,75.675
valley,1995,59.091666666666676
valley,1996,56.958333333333336
valley,1997,59.38333333333333
valley,1998,77.95833333333333
valley,1999,75.46666666666667
valley,2000,100.73333333333333
valley,2001,61.48333333333333
valley,2002,81.46666666666667
valley,2003,63.54999999999999
valley,2004,66.98333333333333
valley,2005,59.963636363636375
valley,2006,79.5
valley,2007,64.475
valley,2008,86.64166666666667
valley,2009,72.60833333333333
valley,2010,61.349999999999994
valley,2011,63.38333333333333
valley,2012,85.14166666666667
valley,2013,70.33333333333333
valley,2014,78.58333333333333
valley,2015,81.16666666666667
valley,2016,71.53333333333333
valley,2017,72.58333333333333
valley,2018,72.76666666666665
valley,2019,70.14545454545454
valley,2020,42.4
waddington,1949,41.125
waddington,1950,54.06666666666666
waddington,1951,58.43333333333334
waddington,1952,41.45
waddington,1953,47.68333333333333
waddington,1954,62.599999999999994
waddington,1955,44.133333333333326
waddington,1956,60.10833333333334
waddington,1957,46.49166666666667
waddington,1958,61.80000000000001
waddington,1959,33.15833333333333
waddington,1960,66.71666666666665
waddington,1961,45.71666666666667
waddington,1962,41.38333333333333
waddington,1963,45.23333333333333
waddington,1964,31.858333333333334
waddington,1965,63.98333333333334
waddington,1966,53.991666666666674
waddington,1967,51.64166666666667
waddington,1968,53.85833333333334
waddington,1969,60.366666666666674
waddington,1970,48.44166666666666
waddington,1971,41.766666666666666
waddington,1972,46.88333333333333
waddington,1973,45.25
waddington,1974,54.041666666666664
waddington,1975,39.21666666666666
waddington,1976,45.475
waddington,1977,50.49166666666667
waddington,1978,57.0
waddington,1979,56.074999999999996
waddington,1980,61.899999999999984
waddington,1981,56.699999999999996
waddington,1982,50.18333333333334
waddington,1983,49.991666666666674
waddington,1984,55.08333333333332
waddington,1985,50.875
waddington,1986,52.041666666666664
waddington,1987,57.85833333333334
waddington,1988,51.06666666666667
waddington,1989,44.833333333333336
waddington,1990,38.40833333333333
waddington,1991,34.3
waddington,1992,53.1
waddington,1993,54.56666666666667
waddington,1994,51.25833333333333
waddington,1995,36.76666666666666
waddington,1996,37.324999999999996
waddington,1997,50.39166666666667
waddington,1998,52.508333333333326
waddington,1999,56.291666666666664
waddington,2000,63.85833333333333
waddington,2001,53.19166666666667
waddington,2002,61.13333333333333
waddington,2003,43.025
waddington,2004,60.53333333333333
waddington,2005,46.991666666666674
waddington,2006,47.65833333333333
waddington,2007,64.30833333333334
waddington,2008,60.416666666666664
waddington,2009,46.550000000000004
waddington,2010,53.98333333333334
waddington,2011,35.291666666666664
waddington,2012,68.89999999999999
waddington,2013,43.13333333333333
waddington,2014,52.03333333333334
waddington,2015,44.26666666666666
waddington,2016,54.383333333333326
waddington,2017,48.61666666666667
waddington,2018,49.45000000000001
waddington,2019,66.7
waddington,2020,38.5
whitby,2000,70.09
whitby,2001,57.49166666666667
whitby,2002,63.50833333333333
whitby,2003,47.366666666666674
whitby,2004,67.575
whitby,2005,56.574999999999996
whitby,2006,54.208333333333336
whitby,2007,54.741666666666674
whitby,2008,65.14166666666667
whitby,2009,54.66666666666666
whitby,2010,69.89999999999999
whitby,2011,46.775000000000006
whitby,2012,73.575
whitby,2013,45.53333333333333
whitby,2014,61.224999999999994
whitby,2015,47.36666666666667
whitby,2016,61.37500000000001
whitby,2017,48.1888888888889
whitby,2018,51.56666666666667
whitby,2019,53.40833333333334
whitby,2020,42.150000000000006
wickairport,1945,67.2
wickairport,1946,54.333333333333336
wickairport,1947,67.27142857142857
wickairport,1948,65.12500000000001
wickairport,1949,62.61666666666667
wickairport,1950,74.73333333333333
wickairport,1951,65.71666666666667
wickairport,1952,68.44166666666668
wickairport,1953,57.15833333333333
wickairport,1954,78.175
wickairport,1955,60.00000000000001
wickairport,1956,68.78333333333333
wickairport,1957,71.45
wickairport,1958,67.98333333333333
wickairport,1959,67.0
wickairport,1960,67.45833333333333
wickairport,1961,56.86666666666667
wickairport,1962,66.83333333333333
wickairport,1963,59.15
wickairport,1964,60.00833333333333
wickairport,1965,68.72500000000001
wickairport,1966,83.80000000000001
wickairport,1967,72.50833333333334
wickairport,1968,61.775
wickairport,1969,65.71666666666665
wickairport,1970,74.36666666666667
wickairport,1971,53.35
wickairport,1972,46.85833333333333
wickairport,1973,71.89999999999999
wickairport,1974,61.07500000000001
wickairport,1975,51.85833333333334
wickairport,1976,55.28333333333333
wickairport,1977,62.71666666666667
wickairport,1978,61.65833333333333
wickairport,1979,77.91666666666667
wickairport,1980,72.66666666666667
wickairport,1981,78.75833333333333
wickairport,1982,70.06666666666666
wickairport,1983,60.550000000000004
wickairport,1984,76.025
wickairport,1985,83.37499999999999
wickairport,1986,61.21666666666667
wickairport,1987,67.33333333333333
wickairport,1988,69.14166666666667
wickairport,1989,50.333333333333336
wickairport,1990,69.51666666666667
wickairport,1991,60.116666666666674
wickairport,1992,73.68333333333332
wickairport,1993,55.78888888888889
yeovilton,1983,44.75
yeovilton,1984,51.01666666666667
yeovilton,1985,52.6
yeovilton,1986,63.79166666666666
yeovilton,1987,51.65833333333334
yeovilton,1988,55.658333333333324
yeovilton,1989,61.68333333333334
yeovilton,1990,51.19166666666666
yeovilton,1991,57.68333333333333
yeovilton,1992,60.17500000000001
yeovilton,1993,63.81666666666667
yeovilton,1994,68.30833333333332
yeovilton,1995,56.208333333333336
yeovilton,1996,46.791666666666664
yeovilton,1997,56.78333333333333
yeovilton,1998,66.2
yeovilton,1999,71.75833333333334
yeovilton,2000,77.97500000000001
yeovilton,2001,58.81666666666666
yeovilton,2002,80.23636363636363
yeovilton,2003,42.9909090909091
yeovilton,2004,53.883333333333326
yeovilton,2005,53.654545454545456
yeovilton,2006,53.75
yeovilton,2007,60.76666666666666
yeovilton,2008,67.3
yeovilton,2009,56.474999999999994
yeovilton,2010,47.925000000000004
yeovilton,2011,49.06666666666666
yeovilton,2012,82.21666666666667
yeovilton,2013,55.54545454545455
yeovilton,2014,76.16666666666666
yeovilton,2015,53.09166666666667
yeovilton,2016,55.45454545454547
yeovilton,2017,55.054545454545455
yeovilton,2018,56.75
yeovilton,2019,63.25
yeovilton,2020,60.5
